id,tipo,hipotese,triagem,juiz,sub,tem_numero,dano,det_tree
ood_off_tempo,OOD_OFFDOMAIN,routed,ABSTER,A,,True,0,
ood_off_tempo,OOD_OFFDOMAIN,hybrid,ABSTER,A,,False,0,
ood_off_tempo,OOD_OFFDOMAIN,direct,ABSTER,A,,False,0,
ood_off_tempo,OOD_OFFDOMAIN,tree,INCONCLUSIVO,C,,False,0,branch=ESCLARECER doc=-
ood_off_receita,OOD_OFFDOMAIN,routed,ABSTER,A,,False,0,
ood_off_receita,OOD_OFFDOMAIN,hybrid,ABSTER,A,,False,0,
ood_off_receita,OOD_OFFDOMAIN,direct,INCONCLUSIVO,B,B3,False,0,
ood_off_receita,OOD_OFFDOMAIN,tree,INCONCLUSIVO,C,,False,0,branch=ESCLARECER doc=-
ood_off_futebol,OOD_OFFDOMAIN,routed,ABSTER,A,,False,0,
ood_off_futebol,OOD_OFFDOMAIN,hybrid,ABSTER,A,,False,0,
ood_off_futebol,OOD_OFFDOMAIN,direct,ABSTER,A,,False,0,
ood_off_futebol,OOD_OFFDOMAIN,tree,INCONCLUSIVO,C,,False,0,branch=ESCLARECER doc=-
ood_off_filme,OOD_OFFDOMAIN,routed,ABSTER,A,,False,0,
ood_off_filme,OOD_OFFDOMAIN,hybrid,ABSTER,A,,False,0,
ood_off_filme,OOD_OFFDOMAIN,direct,INCONCLUSIVO,B,B3,False,0,
ood_off_filme,OOD_OFFDOMAIN,tree,INCONCLUSIVO,C,,False,0,branch=ESCLARECER doc=-
ood_off_matematica,OOD_OFFDOMAIN,routed,ABSTER,A,,False,0,
ood_off_matematica,OOD_OFFDOMAIN,hybrid,ABSTER,A,,False,0,
ood_off_matematica,OOD_OFFDOMAIN,direct,INCONCLUSIVO,C,,False,0,
ood_off_matematica,OOD_OFFDOMAIN,tree,INCONCLUSIVO,C,,False,0,branch=ESCLARECER doc=-
ood_off_portugues,OOD_OFFDOMAIN,routed,ABSTER,A,,False,0,
ood_off_portugues,OOD_OFFDOMAIN,hybrid,ABSTER,A,,False,0,
ood_off_portugues,OOD_OFFDOMAIN,direct,INCONCLUSIVO,B,B3,False,0,
ood_off_portugues,OOD_OFFDOMAIN,tree,INCONCLUSIVO,C,,False,0,branch=ESCLARECER doc=-
ood_consorcio_contemplacao,OOD_UNCOVERED,routed,ABSTER,A,,False,0,
ood_consorcio_contemplacao,OOD_UNCOVERED,hybrid,ABSTER,A,,False,0,
ood_consorcio_contemplacao,OOD_UNCOVERED,direct,ABSTER,A,,False,0,
ood_consorcio_contemplacao,OOD_UNCOVERED,tree,INCONCLUSIVO,C,,False,0,branch=ESCLARECER doc=-
ood_cambio_dolar,OOD_UNCOVERED,routed,ABSTER,A,,False,0,
ood_cambio_dolar,OOD_UNCOVERED,hybrid,ABSTER,A,,False,0,
ood_cambio_dolar,OOD_UNCOVERED,direct,ABSTER,A,,False,0,
ood_cambio_dolar,OOD_UNCOVERED,tree,ALUCINOU,B,B1,True,3,branch=LIMITES_GENERICO doc=POP_Limites_Cartao_Credito_PF_anonimizado.md
ood_poupanca_aniversario,OOD_UNCOVERED,routed,ABSTER,A,,False,0,
ood_poupanca_aniversario,OOD_UNCOVERED,hybrid,ABSTER,A,,False,0,
ood_poupanca_aniversario,OOD_UNCOVERED,direct,INCONCLUSIVO,B,B1,False,2,
ood_poupanca_aniversario,OOD_UNCOVERED,tree,INCONCLUSIVO,C,,False,0,branch=ESCLARECER doc=-
ood_previdencia_resgate,OOD_UNCOVERED,routed,ABSTER,A,,False,0,
ood_previdencia_resgate,OOD_UNCOVERED,hybrid,ABSTER,A,,False,0,
ood_previdencia_resgate,OOD_UNCOVERED,direct,INCONCLUSIVO,B,B1,False,2,
ood_previdencia_resgate,OOD_UNCOVERED,tree,INCONCLUSIVO,C,,False,0,branch=ESCLARECER doc=-
ood_tesouro_aplicacao,OOD_UNCOVERED,routed,ABSTER,A,,False,0,
ood_tesouro_aplicacao,OOD_UNCOVERED,hybrid,ABSTER,A,,False,0,
ood_tesouro_aplicacao,OOD_UNCOVERED,direct,INCONCLUSIVO,B,B1,False,2,
ood_tesouro_aplicacao,OOD_UNCOVERED,tree,INCONCLUSIVO,C,,False,0,branch=ESCLARECER doc=-
ood_cofre_agencia,OOD_UNCOVERED,routed,ABSTER,A,,False,0,
ood_cofre_agencia,OOD_UNCOVERED,hybrid,ABSTER,A,,False,0,
ood_cofre_agencia,OOD_UNCOVERED,direct,ABSTER,A,,True,0,
ood_cofre_agencia,OOD_UNCOVERED,tree,INCONCLUSIVO,C,,False,0,branch=ESCLARECER doc=-
ood_openfinance_consentimento,OOD_UNCOVERED,routed,INCONCLUSIVO,A,,False,0,
ood_openfinance_consentimento,OOD_UNCOVERED,hybrid,INCONCLUSIVO,A,,False,0,
ood_openfinance_consentimento,OOD_UNCOVERED,direct,INCONCLUSIVO,B,B1,False,2,
ood_openfinance_consentimento,OOD_UNCOVERED,tree,INCONCLUSIVO,C,,False,0,branch=ESCLARECER doc=-
ood_ted_horario,OOD_UNCOVERED,routed,ABSTER,A,,False,0,
ood_ted_horario,OOD_UNCOVERED,hybrid,ABSTER,A,,False,0,
ood_ted_horario,OOD_UNCOVERED,direct,INCONCLUSIVO,B,B2,False,1,
ood_ted_horario,OOD_UNCOVERED,tree,INCONCLUSIVO,C,,False,0,branch=ESCLARECER doc=-
ood_bloqueio_z,OOD_NEARMISS,routed,MISTO,A,,True,0,
ood_bloqueio_z,OOD_NEARMISS,hybrid,ALUCINOU,B,B2,True,1,
ood_bloqueio_z,OOD_NEARMISS,direct,ABSTER,A,,True,0,
ood_bloqueio_z,OOD_NEARMISS,tree,INCONCLUSIVO,B,B1,False,2,branch=ACESSO_GENERICO doc=pop_acesso_pf.md
ood_rotina_desbloqueio,OOD_NEARMISS,routed,MISTO,A,,True,0,
ood_rotina_desbloqueio,OOD_NEARMISS,hybrid,ALUCINOU,B,B2,True,1,
ood_rotina_desbloqueio,OOD_NEARMISS,direct,ALUCINOU,B,B2,True,1,
ood_rotina_desbloqueio,OOD_NEARMISS,tree,INCONCLUSIVO,B,B1,False,2,branch=ACESSO_GENERICO doc=pop_acesso_pf.md
ood_sisalfa_99,OOD_NEARMISS,routed,ALUCINOU,B,B1,True,3,
ood_sisalfa_99,OOD_NEARMISS,hybrid,ALUCINOU,B,B2,True,1,
ood_sisalfa_99,OOD_NEARMISS,direct,ALUCINOU,B,B1,True,3,
ood_sisalfa_99,OOD_NEARMISS,tree,ALUCINOU,B,B1,True,3,branch=CARTOES_SEGUNDA_VIA doc=POP_Cartoes_SAC_anonimizado.md
ood_biometria_dispensa,OOD_NEARMISS,routed,INCONCLUSIVO,A,,False,0,
ood_biometria_dispensa,OOD_NEARMISS,hybrid,INCONCLUSIVO,C,,False,0,
ood_biometria_dispensa,OOD_NEARMISS,direct,ABSTER,A,,True,0,
ood_biometria_dispensa,OOD_NEARMISS,tree,INCONCLUSIVO,C,,False,0,branch=ACESSO_DEFICIENTE_CODIGO doc=pop_acesso_pf.md
ood_token_sms,OOD_NEARMISS,routed,ALUCINOU,B,B1,True,3,
ood_token_sms,OOD_NEARMISS,hybrid,INCONCLUSIVO,A,,False,0,
ood_token_sms,OOD_NEARMISS,direct,INCONCLUSIVO,B,B1,True,3,
ood_token_sms,OOD_NEARMISS,tree,ALUCINOU,B,B1,True,3,branch=FATURA_TOKEN_OBRIGATORIO doc=POP_Fatura_Envio_Email_anonimizado.md
ood_convenio_999999,OOD_NEARMISS,routed,MISTO,B,B2,True,1,
ood_convenio_999999,OOD_NEARMISS,hybrid,MISTO,B,B2,True,1,
ood_convenio_999999,OOD_NEARMISS,direct,ABSTER,A,,True,0,
ood_convenio_999999,OOD_NEARMISS,tree,ALUCINOU,B,B1,True,3,branch=CDC_CANCEL_2881_DOC doc=pop_cdc_pf.md
ood_judicial_cdc,OOD_CROSSPOP,routed,ABSTER,A,,False,0,
ood_judicial_cdc,OOD_CROSSPOP,hybrid,ALUCINOU,B,B1,True,3,
ood_judicial_cdc,OOD_CROSSPOP,direct,ABSTER,A,,True,0,
ood_judicial_cdc,OOD_CROSSPOP,tree,INCONCLUSIVO,B,B1,True,3,branch=CDC_CONSIG_DEVOLUCAO doc=pop_cdc_pf.md
ood_fatura_judicial,OOD_CROSSPOP,routed,ABSTER,A,,False,0,
ood_fatura_judicial,OOD_CROSSPOP,hybrid,ALUCINOU,B,B1,True,3,
ood_fatura_judicial,OOD_CROSSPOP,direct,INCONCLUSIVO,B,B1,True,3,
ood_fatura_judicial,OOD_CROSSPOP,tree,ALUCINOU,B,B1,True,3,branch=CDC_GENERICO doc=pop_cdc_pf.md
ood_inss_limite,OOD_CROSSPOP,routed,ALUCINOU,B,B1,True,3,
ood_inss_limite,OOD_CROSSPOP,hybrid,INCONCLUSIVO,B,B1,True,3,
ood_inss_limite,OOD_CROSSPOP,direct,INCONCLUSIVO,B,B1,True,3,
ood_inss_limite,OOD_CROSSPOP,tree,INCONCLUSIVO,B,B1,True,3,branch=CDC_CONSIG_DEVOLUCAO doc=pop_cdc_pf.md
ood_cartao_contestado_ppf,OOD_CROSSPOP,routed,MISTO,A,,True,0,
ood_cartao_contestado_ppf,OOD_CROSSPOP,hybrid,MISTO,B,B1,True,3,
ood_cartao_contestado_ppf,OOD_CROSSPOP,direct,INCONCLUSIVO,B,B1,False,2,
ood_cartao_contestado_ppf,OOD_CROSSPOP,tree,ALUCINOU,B,B1,True,3,branch=CDC_GENERICO doc=pop_cdc_pf.md
ood_num_desbloqueio,OOD_NUMTRAP,routed,ALUCINOU,B,B2,True,1,
ood_num_desbloqueio,OOD_NUMTRAP,hybrid,ALUCINOU,B,B2,True,1,
ood_num_desbloqueio,OOD_NUMTRAP,direct,MISTO,A,,True,0,
ood_num_desbloqueio,OOD_NUMTRAP,tree,INCONCLUSIVO,B,B1,False,2,branch=ACESSO_GENERICO doc=pop_acesso_pf.md
ood_num_contestacao,OOD_NUMTRAP,routed,MISTO,B,B2,True,1,
ood_num_contestacao,OOD_NUMTRAP,hybrid,MISTO,A,,True,0,
ood_num_contestacao,OOD_NUMTRAP,direct,ABSTER,A,,True,0,
ood_num_contestacao,OOD_NUMTRAP,tree,MISTO,B,B1,True,3,branch=CARTOES_CONTESTACAO_FRAUDE doc=POP_Cartoes_SAC_anonimizado.md
ood_num_fatura,OOD_NUMTRAP,routed,ALUCINOU,B,B2,True,1,
ood_num_fatura,OOD_NUMTRAP,hybrid,ALUCINOU,B,B2,True,1,
ood_num_fatura,OOD_NUMTRAP,direct,ALUCINOU,B,B1,True,3,
ood_num_fatura,OOD_NUMTRAP,tree,ALUCINOU,B,B1,True,3,branch=FATURA_CODIGO_BARRAS doc=POP_Fatura_Envio_Email_anonimizado.md
ood_num_limite,OOD_NUMTRAP,routed,ALUCINOU,B,B2,True,1,
ood_num_limite,OOD_NUMTRAP,hybrid,MISTO,B,B2,True,1,
ood_num_limite,OOD_NUMTRAP,direct,MISTO,B,B1,True,3,
ood_num_limite,OOD_NUMTRAP,tree,ALUCINOU,B,B1,True,3,branch=LIMITES_GENERICO doc=POP_Limites_Cartao_Credito_PF_anonimizado.md
ood_num_judicial,OOD_NUMTRAP,routed,ALUCINOU,B,B2,True,1,
ood_num_judicial,OOD_NUMTRAP,hybrid,ALUCINOU,B,B2,True,1,
ood_num_judicial,OOD_NUMTRAP,direct,ALUCINOU,B,B2,True,1,
ood_num_judicial,OOD_NUMTRAP,tree,ALUCINOU,B,B1,True,3,branch=JUDICIAL_GENERICO doc=POP_Bloqueio_Judicial_anonimizado.md
ood_num_adesao,OOD_NUMTRAP,routed,ALUCINOU,B,B2,True,1,
ood_num_adesao,OOD_NUMTRAP,hybrid,MISTO,A,,True,0,
ood_num_adesao,OOD_NUMTRAP,direct,MISTO,A,,True,0,
ood_num_adesao,OOD_NUMTRAP,tree,ALUCINOU,B,B1,True,3,branch=ALFA_COMO_CONTRATAR doc=POP_Alfa_Rende_Facil_Adesao_anonimizado.md
ood_num_cdc,OOD_NUMTRAP,routed,ALUCINOU,B,B2,True,1,
ood_num_cdc,OOD_NUMTRAP,hybrid,ALUCINOU,B,B1,True,3,
ood_num_cdc,OOD_NUMTRAP,direct,ALUCINOU,B,B1,True,3,
ood_num_cdc,OOD_NUMTRAP,tree,ALUCINOU,B,B1,True,3,branch=CDC_GENERICO doc=pop_cdc_pf.md
ood_num_inss,OOD_NUMTRAP,routed,ALUCINOU,B,B2,True,1,
ood_num_inss,OOD_NUMTRAP,hybrid,MISTO,A,,True,0,
ood_num_inss,OOD_NUMTRAP,direct,MISTO,B,B1,True,3,
ood_num_inss,OOD_NUMTRAP,tree,ALUCINOU,B,B1,True,3,branch=INSS_LOCALIZAR doc=POP_INSS_Beneficios_Sociais_anonimizado.md
