id,braco,motivo_selecao,juiz_auto,pergunta,resposta_truncada,veredito_humano,observacao
ood_sisalfa_99,routed,B1-todos,BB1,O atendente disse que vai pedir a segunda via do meu cartão pelo caminho SISALFA 99.99.99. Esse caminho existe?,"Não, o procedimento para solicitar a segunda via do cartão não é realizado através do código mencionado.  De acordo com as orientações operacionais, a solicitação de segunda via do cartão deve ser feita pelos seguintes canais: *   App Alfa; *   App Cartão Alfa; *   Área logada do site institucional; *   Plataforma de Relacionamento (setor de cartões); *   Agências.  Caso o cliente apresente reclamações sobre esses canais, você deve seguir os procedimentos da rotina 50217.  ### Referências  - [1] POP – Atendimento SAC Cartões (Quadro Contratado) – Pessoa Física",,
ood_token_sms,routed,B1-todos,BB1,O atendente disse que enviaria o Token de autenticação por SMS e não chegou. Como solicito o reenvio?,"Com base nas informações fornecidas, não há um procedimento específico detalhado para o ""reenvio"" de um Token que não foi recebido por SMS.  Os documentos indicam que a rotina **50148** é a responsável pelo envio de Token para autenticação. Caso o cliente não consiga validar o atendimento por meio do Token, as orientações são:  *   **Se não for possível confirmar pelo Token:** O atendente não deve prosseguir com procedimentos que exijam essa validação (como envio de fatura, alteração de forma de envio ou consultas de limite). *   **Orientação ao cliente:** O atendente deve orientar o cliente a",,
ood_inss_limite,routed,B1-todos,BB1,Recebo benefício do INSS em conta-benefício e quero CDC consignado. O valor do benefício conta como margem consignável?,"Com base nas informações fornecidas, o CDC possui convênio de consignação associado ao INSS. O INSS é um órgão público responsável pelo envio de benefícios previdenciários e possui um convênio de código 900001.  Para verificar informações específicas sobre a sua margem ou a disponibilidade de crédito, você pode consultar o sistema **SISALFA**, que é a ferramenta utilizada pelo Banco Alfa para a checagem de convênios e operações de Crédito Direto ao Consumidor (CDC).  ### Referências  - [1] Knowledge Graph Data (Entity: INSS, CDC) - [2] POP – Atendimento de Operações de CDC (Crédito Direto ao C",,
ood_bloqueio_z,routed,amostra,A,Minha senha de 6 dígitos exibiu bloqueio 'Z' no caixa eletrônico. Como faço o desbloqueio?,"Com base nas informações contidas no documento de gestão de senhas, não há registro ou definição para um código de bloqueio ""Z"".  Os códigos de bloqueio previstos no sistema para senhas de 6 e 8 dígitos, bem como para o código de acesso, são: **0, 1, 2, 3, 6, 7, Q, U** (para todos os tipos) e, especificamente para a senha de 6 dígitos, os códigos **A** e **D**, e para a de 8 dígitos, os códigos **T, D, P, 4** e **8**.  Como o código ""Z"" não consta na documentação técnica fornecida, não é possível determinar o procedimento de desbloqueio específico para essa situação. Recomenda-se que o cliente",,
ood_rotina_desbloqueio,routed,amostra,A,O atendente do SAC citou a rotina 50999 para desbloquear minha senha de 8 dígitos pelo telefone. Esse procedimento existe?,"Com base nas informações fornecidas, não há menção à rotina 50999. O documento disponível apresenta uma lista de rotinas absorvidas e auxiliares, mas o código 50999 não consta entre elas.  Para o gerenciamento de senhas, o documento indica a **Central de Senhas PF** no App Alfa, disponível tanto na área logada quanto na área não logada. Além disso, o documento lista diversas rotinas específicas relacionadas a senhas que foram absorvidas (como as de códigos 50137 a 50147), mas nenhuma delas corresponde ao código 50999 citado.  Portanto, não possuo informações no contexto fornecido que confirmem",,
ood_num_cdc,hybrid,B1-todos,BB1,Cancelaram minha linha 2881 pelo departamento DOC 800099. Esse departamento existe para esse cancelamento?,"Com base nas informações fornecidas, o departamento responsável pelo cancelamento da linha **2881 – Crédito Renovação Consignação** é a **DOC – Diretoria de Operações de Crédito**, cujo código é **800020**, e não 800099.  O cancelamento desta linha específica está restrito a este departamento (código 800020) para os convênios de código 700001 a 700016. Para o Convênio Especial 17 (700017), o cancelamento é restrito à Superintendência Regional III (código 800030).  ### Referências  - [1] POP – Atendimento de Operações de CDC (Crédito Direto ao Consumidor) – Pessoa Física",,
ood_judicial_cdc,hybrid,B1-todos,BB1,Minha conta recebe proventos com bloqueio judicial e tenho CDC consignado com desconto em folha. O desconto continua e posso amortizar?,"Com base nas informações fornecidas, seguem as orientações sobre a sua situação:  ### Desconto em Folha e Bloqueio Judicial O desconto de parcelas de CDC Consignação ocorre diretamente na folha de pagamento. Caso você identifique que o desconto continua sendo realizado mesmo com a existência de bloqueio judicial, ou se houver dúvidas sobre a liberação de margem consignável após liquidações ou cancelamentos, é necessário **registrar uma ocorrência** para que o caso seja analisado.  ### Amortização de CDC Sobre a possibilidade de amortizar o seu contrato de CDC, considere os seguintes pontos:  *",,
ood_fatura_judicial,hybrid,B1-todos,BB1,Minha fatura de 750 reais tem débito automático e minha conta entrou em bloqueio judicial. O débito ocorre normalmente?,"Com base nas informações fornecidas, não há detalhes específicos sobre o comportamento do débito automático em situações de bloqueio judicial.  No entanto, as orientações sobre débitos em conta corrente destacam os seguintes pontos relevantes:  *   **Saldo Aprovisionado:** Em casos de reclamação de saldo aprovisionado (como em fins de semana ou feriados), a liberação de débitos depende do saldo disponível após a dedução de débitos programados para o primeiro dia útil seguinte. *   **Limite Especial:** O uso do Limite Especial da conta para cobrir débitos gera a incidência de juros e IOF. *   *",,
ood_inss_limite,hybrid,B1-todos,BB1,Recebo benefício do INSS em conta-benefício e quero CDC consignado. O valor do benefício conta como margem consignável?,"Com base nas informações fornecidas, não há detalhes específicos sobre o cálculo da margem consignável ou se o valor do benefício do INSS é utilizado para esse fim.  O contexto indica apenas que:  *   O **CDC Consignado** e o **Crédito 13º Salário INSS** exigem que o cliente possua uma Análise de Crédito (ANC) vigente. *   Para operações de **Crédito Consignado**, o convênio associado ao INSS possui o código **900001**, com regra de devolução de valores a partir do 5º dia útil. *   As consultas sobre consignação podem ser realizadas no sistema **SISCONSIG** (caminho `22 > 01 > 01`), onde é pos",,
ood_cartao_contestado_ppf,hybrid,B1-todos,BB1,Contratei pagamento parcelado da fatura e depois contestei uma compra incluída nela. O parcelamento continua valendo?,"Para questões relacionadas ao **Pagamento Parcelado de Faturas (PPF)**, o atendimento deve seguir as orientações da rotina **50156**.  Com base nas informações fornecidas:  *   **Consultas, cancelamento e antecipação de PPF:** Devem ser tratados seguindo os procedimentos específicos da rotina **50156**. *   **Contestação de compras:** Caso você não reconheça uma compra (suspeita de fraude), a contestação deve ser realizada conforme a rotina **50174** (para função crédito), com o devido bloqueio do cartão e registro no SRO (FCR). Se a contestação for por desacordo comercial (sem fraude), deve-s",,
ood_num_contestacao,hybrid,amostra,A,O atendente abriu minha contestação de compra pela rotina 59999 e deu um protocolo. Esse fluxo existe?,"Com base nas informações fornecidas, não é possível confirmar a existência da rotina 59999.  O contexto disponível detalha procedimentos específicos para contestação de operações e registro de ocorrências, mas não menciona a rotina 59999. Para casos de contratação não reconhecida, fraude ou contestação de operações via correspondente, os procedimentos indicados são:  *   **Falsidade ideológica e fraude:** Utiliza-se a rotina **50111** (para não correntistas) ou a rotina **50112** (para as demais situações de fraude). *   **Contestação de operações via Correspondente:** Devem ser registrados as",,
ood_num_adesao,hybrid,amostra,A,O operador fez minha adesão ao Alfa Rende Fácil na opção Triplo Sim. Essa opção existe e minha adesão está valendo?,"Com base nas informações fornecidas, não há menção ao produto ou modalidade ""Alfa Rende Fácil"" nem à opção ""Triplo Sim"" nos documentos consultados.  Os procedimentos operacionais detalhados no contexto referem-se a modalidades de crédito como CDC (Crédito Direto ao Consumidor), CDC Consignado, CDC 13º Salário, Antecipação de Restituição de IRPF e Antecipação de Saque Aniversário FGTS, além de operações de cartão de crédito e Limite Especial da Conta.  Como as informações sobre o ""Alfa Rende Fácil"" e a opção ""Triplo Sim"" não constam na base de conhecimento fornecida, não é possível confirmar a ",,
ood_biometria_dispensa,hybrid,amostra,C,Sou cliente com deficiência visual total e quero ser dispensado da biometria. É possível registrar isso no cadastro?,"Sim, é possível. Clientes com deficiência visual total podem ser dispensados da exigência do código de acesso, mediante o registro dessa característica no cadastro, procedimento que deve ser realizado em uma agência. Em casos de conta conjunta, a dispensa é válida apenas para o titular que possui a deficiência.  ### Referências  - [2] Código de Acesso (Alfanumérico)",,
ood_num_fatura,direct,B1-todos,BB1,O operador ditou o código de barras da fatura pelo telefone citando a rotina 50000. Esse procedimento existe?,"Não, esse procedimento **não é padrão e oferece um alto risco de segurança**.  Como assistente bancário, oriento que você **não realize pagamentos** seguindo instruções de terceiros que ligam para você solicitando o ditado de códigos ou fornecendo códigos de barras por telefone.  Aqui estão os pontos de atenção:  1.  **Golpe do Falso Atendente:** É muito comum que golpistas entrem em contato fingindo ser do banco, utilizando termos técnicos ou ""códigos de rotina"" (como esse ""50000"") para passar credibilidade e convencer o cliente a realizar um pagamento ou transferência. 2.  **Segurança:** Ban",,
ood_num_limite,direct,B1-todos,BB1,Alteraram meu limite do cartão pela rotina 50999 sem pedir Token. Esse procedimento confere?,"Como assistente bancário, esclareço que, em termos de procedimentos de segurança bancária, **a alteração de limites de crédito geralmente exige uma validação de segurança robusta**, como o uso de Token, senha transacional ou biometria, especialmente quando realizada através de canais digitais (aplicativo ou internet banking).  Sobre o seu caso específico:  1.  **O que é a ""Rotina 50999"":** Esse código não é um padrão universal do mercado bancário; ele parece ser um código interno de processamento ou uma nomenclatura específica de um sistema de retaguarda de uma instituição financeira específic",,
ood_num_cdc,direct,B1-todos,BB1,Cancelaram minha linha 2881 pelo departamento DOC 800099. Esse departamento existe para esse cancelamento?,"Como assistente bancário, preciso esclarecer que, em termos de segurança e procedimentos bancários padrão, **não é comum que departamentos sejam identificados publicamente por códigos numéricos específicos** (como ""DOC 800099"") para o cancelamento de linhas telefônicas ou serviços.  Aqui estão alguns pontos importantes para você considerar:  1.  **Possível tentativa de golpe:** Códigos numéricos muito específicos citados por supostos atendentes ou em mensagens de texto costumam ser usados em tentativas de *phishing* ou engenharia social para passar uma falsa sensação de autoridade ou burocraci",,
ood_num_inss,direct,B1-todos,BB1,O atendente consultou meu benefício no caminho SISPAG 18 > 99. Esse caminho existe no procedimento?,"Como assistente bancário, informo que **não tenho acesso aos manuais internos ou sistemas específicos do seu banco**, pois esses procedimentos são confidenciais e variam de acordo com a instituição financeira.  No entanto, com base em conhecimentos gerais sobre sistemas bancários:  1.  **Estrutura de Menus:** A nomenclatura ""SISPAG"" é comumente utilizada em sistemas bancários (como o do Itaú, por exemplo) para o módulo de pagamentos. A estrutura de caminhos (como ""18 > 99"") é uma forma padrão de navegação via teclado ou menu hierárquico nesses sistemas. 2.  **Possibilidade:** É perfeitamente p",,
ood_sisalfa_99,direct,B1-todos,BB1,O atendente disse que vai pedir a segunda via do meu cartão pelo caminho SISALFA 99.99.99. Esse caminho existe?,"Como assistente bancário, posso te informar que **""SISALFA""** é uma nomenclatura técnica comum em sistemas internos de grandes bancos brasileiros (frequentemente associada a sistemas legados ou de processamento de cartões).  Embora eu não tenha acesso aos manuais internos do seu banco específico para confirmar se o código ""99.99.99"" é o caminho exato, é **muito comum** que atendentes utilizem códigos de transação ou ""caminhos de menu"" internos para solicitar a emissão de segundas vias.  **O que você deve observar para sua segurança:**  1.  **Procedimento padrão:** A solicitação de segunda via ",,
ood_token_sms,direct,B1-todos,BB1,O atendente disse que enviaria o Token de autenticação por SMS e não chegou. Como solicito o reenvio?,"Para solicitar o reenvio do token via SMS, siga estes passos gerais que funcionam na maioria das instituições financeiras:  1.  **Aguarde o tempo de expiração:** Geralmente, o sistema só permite um novo envio após 60 a 120 segundos. Tente solicitar novamente após esse intervalo. 2.  **Verifique o sinal e o modo avião:** Certifique-se de que seu celular está com sinal de rede estável. Às vezes, alternar o ""Modo Avião"" ajuda o aparelho a registrar a rede novamente e receber mensagens pendentes. 3.  **Verifique o bloqueio de SMS:** Confira se o seu aparelho não possui um filtro de ""Spam"" ou ""Mens",,
ood_fatura_judicial,direct,B1-todos,BB1,Minha fatura de 750 reais tem débito automático e minha conta entrou em bloqueio judicial. O débito ocorre normalmente?,"Em situações de bloqueio judicial (como o sistema SISBAJUD), a regra geral é que **o débito automático não será processado**.  Aqui estão os pontos principais para você entender o que acontece:  1.  **Prioridade do Bloqueio:** Quando uma conta sofre um bloqueio judicial, o saldo disponível é ""congelado"" para garantir o pagamento da dívida que originou a ordem judicial. O sistema bancário prioriza o cumprimento dessa ordem, o que impede a saída de valores para outras finalidades, incluindo débitos automáticos. 2.  **Falha no Débito:** Como o saldo está indisponível ou a conta está com movimenta",,
ood_inss_limite,direct,B1-todos,BB1,Recebo benefício do INSS em conta-benefício e quero CDC consignado. O valor do benefício conta como margem consignável?,"Sim, o valor do seu benefício do INSS é a base para o cálculo da sua margem consignável.  Para o CDC (Crédito Direto ao Consumidor) consignado, funciona da seguinte forma:  1.  **Margem Consignável:** Atualmente, a margem para empréstimo consignado para aposentados e pensionistas do INSS é de **35%** do valor do benefício mensal. Existe ainda uma margem adicional de 5% destinada exclusivamente para o Cartão de Crédito Consignado. 2.  **Cálculo:** O banco considera o valor bruto do seu benefício (descontando apenas os valores obrigatórios, como imposto de renda, se houver). O valor da parcela d",,
ood_cartao_contestado_ppf,direct,B1-todos,BB1,Contratei pagamento parcelado da fatura e depois contestei uma compra incluída nela. O parcelamento continua valendo?,"Sim, o parcelamento da fatura **continua valendo normalmente**.  Aqui estão os pontos principais que você precisa entender sobre essa situação:  1.  **O parcelamento é um contrato à parte:** Quando você opta pelo parcelamento da fatura, você está contratando um crédito para quitar o saldo total daquele mês. O banco entende que aquele valor total é a sua dívida consolidada. 2.  **A contestação é um processo separado:** A contestação de uma compra é uma análise de segurança ou de desacordo comercial. Se a contestação for aprovada, o valor da compra será estornado (devolvido) na sua fatura. 3.  *",,
ood_poupanca_aniversario,direct,B1-todos,BB1,Depositei na poupança dia 10. Quando cai o rendimento do aniversário e posso resgatar antes sem perder?,"Como assistente bancário, esclareço as regras gerais da caderneta de poupança para você:  ### 1. Quando cai o rendimento? O rendimento da poupança é creditado mensalmente na **""data de aniversário""**, que corresponde ao dia do mês em que o depósito foi feito. No seu caso, como o depósito foi dia 10, o rendimento será creditado sempre no **dia 10 de cada mês**.  ### 2. Posso resgatar antes sem perder? Aqui existe uma regra importante: **a poupança só rende se o dinheiro permanecer depositado por um mês completo.**  *   **Se você resgatar antes do dia 10:** Você não receberá o rendimento referen",,
ood_previdencia_resgate,direct,B1-todos,BB1,Quero resgatar minha previdência privada com tabela regressiva. Tem carência e quanto pago de IR?,"Ao resgatar uma previdência privada com **tributação regressiva**, é importante entender que a alíquota do Imposto de Renda (IR) diminui conforme o tempo que o dinheiro permanece investido.  Aqui estão os pontos principais:  ### 1. Existe carência? Sim. Na maioria dos planos de previdência (PGBL ou VGBL), existe um **prazo de carência inicial** para o primeiro resgate, que geralmente varia de **60 dias a 6 meses**, dependendo do contrato do seu plano. Após esse período, você pode solicitar resgates a qualquer momento.  ### 2. Como funciona a alíquota de IR? Na tabela regressiva, a alíquota do ",,
ood_tesouro_aplicacao,direct,B1-todos,BB1,Qual a aplicação mínima do Tesouro Selic e posso resgatar antes do vencimento sem perda?,"Como assistente bancário, aqui estão as informações gerais sobre o Tesouro Selic:  **1. Aplicação mínima:** O valor mínimo para investir no Tesouro Selic é de aproximadamente **R$ 30,00** (o equivalente a 0,01 de um título). Esse valor pode variar levemente conforme a cotação diária do título no site do Tesouro Direto.  **2. Resgate antecipado:** Sim, você pode resgatar o Tesouro Selic antes do vencimento a qualquer momento. Diferente de outros títulos (como o Tesouro Prefixado ou IPCA+), o Tesouro Selic possui **risco de mercado praticamente nulo**.  *   **Por que não há perda?** O preço do T",,
ood_openfinance_consentimento,direct,B1-todos,BB1,Compartilhei meus dados via open finance e quero revogar o consentimento. Onde faço isso?,"Para revogar o seu consentimento no Open Finance, você deve realizar o procedimento diretamente no **aplicativo da instituição financeira que está recebendo os seus dados** (a instituição que você autorizou a acessar suas informações).  Siga estes passos gerais:  1.  **Acesse o aplicativo** da instituição onde você deu o consentimento. 2.  Procure por uma seção chamada **""Open Finance""**, **""Gerenciar compartilhamento""** ou **""Meus dados""** (geralmente localizada no menu de configurações ou na área de perfil). 3.  Lá, você encontrará uma lista de todas as instituições com as quais você compart",,
ood_num_desbloqueio,direct,amostra,A,Vi que existe a rotina 50999 para desbloqueio de senha pelo telefone. Posso usá-la para minha senha de 6 dígitos?,"Como assistente bancário, preciso esclarecer que **não tenho acesso aos sistemas internos ou manuais operacionais específicos do seu banco**, portanto, não posso confirmar se a rotina ""50999"" é a correta para a sua instituição.  No entanto, com base em práticas comuns do setor bancário:  1.  **Diferenciação de Senhas:** Geralmente, as senhas de **6 dígitos** são as senhas de transação (usadas para movimentar conta, pagar boletos ou realizar transferências). Elas possuem protocolos de segurança mais rígidos do que senhas de acesso ao aplicativo. 2.  **Desbloqueio por Telefone:** Muitos bancos p",,
ood_num_contestacao,direct,amostra,A,O atendente abriu minha contestação de compra pela rotina 59999 e deu um protocolo. Esse fluxo existe?,"Sim, o fluxo de contestação de compras é um procedimento padrão em instituições financeiras.  Embora os códigos internos (como ""59999"") variem de banco para banco e sejam utilizados para identificar o tipo de solicitação no sistema do atendente, o processo de contestação segue uma lógica comum no mercado:  1.  **Abertura do chamado:** O atendente registra a transação que você não reconhece. 2.  **Protocolo:** É a prova de que a sua solicitação foi formalizada. Guarde esse número, pois ele é essencial para qualquer acompanhamento futuro. 3.  **Análise:** O banco iniciará uma investigação (muita",,
ood_off_matematica,direct,amostra,C,Quanto é 12% de 840? Preciso para um cálculo.,"12% de 840 é **100,80**.  Para chegar a esse resultado, você pode multiplicar 840 por 0,12.",,
ood_num_desbloqueio,tree,B1-todos,BB1,Vi que existe a rotina 50999 para desbloqueio de senha pelo telefone. Posso usá-la para minha senha de 6 dígitos?,"Pelo POP de Senhas: 6 dígitos confirma transações e acessos; 8 dígitos acessa site/App; código de acesso serve à TAA/Banco24H. Alteração: App (celular >30 dias + Alfa Code/Push), site (com Alfa ou TAA + biometria >7 dias), TAA ou agência (inclusive 'U'). Bloqueio 'U' só altera, nunca desbloqueia.",,
ood_num_contestacao,tree,B1-todos,BB1,O atendente abriu minha contestação de compra pela rotina 59999 e deu um protocolo. Esse fluxo existe?,"Compra no crédito não reconhecida (suspeita de fraude): valide por Token (50148) mesmo com cliente autenticado. Se falhar, bloqueio provisório no cartão — e definitivo código 376 se for Cartão Alfa-e falsificado. Conteste pela 50174, registre no SRO (FCR) e informe ao cliente o protocolo do SRO e o gerado pelo SISALFA para acompanhar (§12). Dúvida sobre Push: recurso 'Alfa, Sou Eu'.",,
ood_num_fatura,tree,B1-todos,BB1,O operador ditou o código de barras da fatura pelo telefone citando a rotina 50000. Esse procedimento existe?,"Código de barras exige Token validado (50148): sem sucesso, indique os canais da 50182. Informe +11 zeros no fim (14 dígitos no último campo), valor e vencimento. Canais: site, App Alfa, WhatsApp Alfa ('Código de Barras') e rodapé do extrato na TAA (Item 6).",,
ood_num_limite,tree,B1-todos,BB1,Alteraram meu limite do cartão pela rotina 50999 sem pedir Token. Esse procedimento confere?,"Limites do cartão PF: Token 50148 obrigatório; consulta em SISALFA 17.01.01.9.22 F10 com dever de informar canais; sem Token, só canais da 50190 item 3.",,
ood_num_judicial,tree,B1-todos,BB1,O atendente disse que consultou meu bloqueio judicial no SISJUD-99 com intervalo de 2 anos. Esse sistema e esse intervalo existem?,"Bloqueio judicial: telas SISJUD 10/14/15/16/17 (máx. 365 dias); não achou → FCR; achou → processo + F2 (vara/juízo/tribunal), banco acata, repasse só o que consta; proventos → juízo competente (§1, §3.1).",,
ood_num_adesao,tree,B1-todos,BB1,O operador fez minha adesão ao Alfa Rende Fácil na opção Triplo Sim. Essa opção existe e minha adesão está valendo?,"PF: Plataforma de Relacionamento (Operações Contratadas) ou Menu > Investimentos > CDB > Aplicação automática > Alfa Rende Fácil, sempre com Duplo Sim + confirmação em 30 dias (§3.1).",,
ood_num_cdc,tree,B1-todos,BB1,Cancelaram minha linha 2881 pelo departamento DOC 800099. Esse departamento existe para esse cancelamento?,"Pelo POP de CDC: consultas em CDC 15.18; cancelamento em até 7 dias corridos só para autoatendimento (presencial só no mesmo dia, §4); amortização/liquidação com leitura obrigatória e confirmação do supervisor (§5.1); fraude via correspondente gera ocorrência 50113–50115 (§7.2). Informe a operação e o canal para a regra exata.",,
ood_num_inss,tree,B1-todos,BB1,O atendente consultou meu benefício no caminho SISPAG 18 > 99. Esse caminho existe no procedimento?,"Número do benefício: SISPAG 18>41 ou 47 (F4, agência/conta/CPF/MCI). Extrato: 18>47 F4 (§2.1).",,
ood_bloqueio_z,tree,B1-todos,BB1,Minha senha de 6 dígitos exibiu bloqueio 'Z' no caixa eletrônico. Como faço o desbloqueio?,"Pelo POP de Senhas: 6 dígitos confirma transações e acessos; 8 dígitos acessa site/App; código de acesso serve à TAA/Banco24H. Alteração: App (celular >30 dias + Alfa Code/Push), site (com Alfa ou TAA + biometria >7 dias), TAA ou agência (inclusive 'U'). Bloqueio 'U' só altera, nunca desbloqueia.",,
ood_rotina_desbloqueio,tree,B1-todos,BB1,O atendente do SAC citou a rotina 50999 para desbloquear minha senha de 8 dígitos pelo telefone. Esse procedimento existe?,"Pelo POP de Senhas: 6 dígitos confirma transações e acessos; 8 dígitos acessa site/App; código de acesso serve à TAA/Banco24H. Alteração: App (celular >30 dias + Alfa Code/Push), site (com Alfa ou TAA + biometria >7 dias), TAA ou agência (inclusive 'U'). Bloqueio 'U' só altera, nunca desbloqueia.",,
ood_sisalfa_99,tree,B1-todos,BB1,O atendente disse que vai pedir a segunda via do meu cartão pelo caminho SISALFA 99.99.99. Esse caminho existe?,"Segunda via do cartão: App Alfa, App Cartão Alfa, site (área logada), Plataforma de Relacionamento (setor cartões) ou agências (item 41, 50217). Tarifa de 2ª via segue a mesma rotina.",,
ood_token_sms,tree,B1-todos,BB1,O atendente disse que enviaria o Token de autenticação por SMS e não chegou. Como solicito o reenvio?,"Sem URA, envie Token (50148); sem Token validado, NÃO envie a fatura nem altere a forma de envio — só autoatendimento (50182). Dúvidas de lançamentos/valores: 50149 (processo inicial).",,
ood_convenio_999999,tree,B1-todos,BB1,Contratei renovação pela linha 2881 vinculada ao convênio 999999 e quero cancelar no 5º dia. Qual o fluxo?,"Cancelamento da linha 2881 (Renovação Consignação), convênios 700001–700016, é restrito ao DOC – Diretoria de Operações de Crédito (800020). É preciso haver margem para reaverbação das operações vinculadas (§4). Atendente não cancela direto.",,
ood_judicial_cdc,tree,B1-todos,BB1,Minha conta recebe proventos com bloqueio judicial e tenho CDC consignado com desconto em folha. O desconto continua e posso amortizar?,"Liquidado/renovado com consignação indevida: estorno automático em conta em até D+2 dias úteis, exceto convênio 900001 (INSS, a partir do 5º dia útil) e 900002 (MPDG, até o 1º dia útil). Confirme em CDC 15.13 e SISCONSIG 22.01.01 (§2, Consignação).",,
ood_fatura_judicial,tree,B1-todos,BB1,Minha fatura de 750 reais tem débito automático e minha conta entrou em bloqueio judicial. O débito ocorre normalmente?,"Pelo POP de CDC: consultas em CDC 15.18; cancelamento em até 7 dias corridos só para autoatendimento (presencial só no mesmo dia, §4); amortização/liquidação com leitura obrigatória e confirmação do supervisor (§5.1); fraude via correspondente gera ocorrência 50113–50115 (§7.2). Informe a operação e o canal para a regra exata.",,
ood_inss_limite,tree,B1-todos,BB1,Recebo benefício do INSS em conta-benefício e quero CDC consignado. O valor do benefício conta como margem consignável?,"Liquidado/renovado com consignação indevida: estorno automático em conta em até D+2 dias úteis, exceto convênio 900001 (INSS, a partir do 5º dia útil) e 900002 (MPDG, até o 1º dia útil). Confirme em CDC 15.13 e SISCONSIG 22.01.01 (§2, Consignação).",,
ood_cartao_contestado_ppf,tree,B1-todos,BB1,Contratei pagamento parcelado da fatura e depois contestei uma compra incluída nela. O parcelamento continua valendo?,"Pelo POP de CDC: consultas em CDC 15.18; cancelamento em até 7 dias corridos só para autoatendimento (presencial só no mesmo dia, §4); amortização/liquidação com leitura obrigatória e confirmação do supervisor (§5.1); fraude via correspondente gera ocorrência 50113–50115 (§7.2). Informe a operação e o canal para a regra exata.",,
ood_cambio_dolar,tree,B1-todos,BB1,"Quero comprar 2000 dólares em espécie para viagem. Qual a cotação de hoje, o limite por CPF e o imposto?","Limites do cartão PF: Token 50148 obrigatório; consulta em SISALFA 17.01.01.9.22 F10 com dever de informar canais; sem Token, só canais da 50190 item 3.",,
ood_biometria_dispensa,tree,amostra,C,Sou cliente com deficiência visual total e quero ser dispensado da biometria. É possível registrar isso no cadastro?,"Cliente com deficiência visual total pode ser dispensado do código de acesso, mediante registro da característica no cadastro pela agência (§5.a). Em conta conjunta, a dispensa vale só para o titular com a deficiência.",,
ood_consorcio_contemplacao,tree,amostra,C,Fui contemplado no consórcio de carro antes do prazo. Como recebo a carta de crédito e quais documentos preciso?,"Para responder preciso de um dado: Qual o código de bloqueio exibido? (ex: 'U', '8')",,
